video_id,site,frame_id,pred_count,true_count
video_03,Coronado,6541,0,1
video_03,Coronado,6601,0,1
video_03,Coronado,6661,0,1
video_03,Coronado,6721,0,1
video_03,Coronado,6781,0,1
video_03,Coronado,7081,1,1
video_03,Coronado,7141,1,1
video_03,Coronado,7201,1,1
video_03,Coronado,7261,0,1
video_03,Coronado,7321,0,1
video_03,Coronado,7381,1,1
video_03,Coronado,7501,1,0
video_08,Rincon,33991,1,0
video_08,Rincon,34021,1,1
video_08,Rincon,34051,1,1
video_08,Rincon,34081,1,1
video_08,Rincon,34111,1,1
video_08,Rincon,34141,1,1
video_08,Rincon,34171,1,1
video_08,Rincon,34201,1,1
video_08,Rincon,34231,1,1
video_08,Rincon,34261,1,1
video_08,Rincon,34291,1,0
video_08,Rincon,34921,1,1
video_08,Rincon,34951,1,1
video_08,Rincon,34981,1,1
video_08,Rincon,35011,1,1
video_08,Rincon,35041,1,1
video_09,Pescador,8131,0,1
video_09,Pescador,8161,0,1
video_09,Pescador,8191,0,1
video_09,Pescador,8221,0,1
video_09,Pescador,8251,0,1
video_09,Pescador,8281,0,1
video_09,Pescador,8311,0,1
video_09,Pescador,8341,0,1
video_09,Pescador,8371,0,1
video_09,Pescador,8401,0,1
video_09,Pescador,8431,0,1
video_09,Pescador,8461,0,1
video_09,Pescador,8491,0,1
video_09,Pescador,8521,0,1
video_09,Pescador,8551,0,1
video_09,Pescador,8581,0,1
video_09,Pescador,8611,0,1
video_09,Pescador,8641,0,1
video_09,Pescador,8671,0,1
video_09,Pescador,8701,0,1
video_09,Pescador,8731,0,1
video_09,Pescador,8761,0,1
video_09,Pescador,8791,0,2
video_09,Pescador,8821,0,2
video_09,Pescador,8851,0,2
video_09,Pescador,8881,0,2
video_09,Pescador,8911,0,2
video_09,Pescador,8941,0,2
video_09,Pescador,8971,0,2
video_09,Pescador,9001,0,1
video_09,Pescador,9031,0,1
video_09,Pescador,9061,0,1
video_09,Pescador,9091,0,1
video_09,Pescador,9121,0,1
video_09,Pescador,9151,0,1
video_09,Pescador,9181,0,1
video_09,Pescador,9211,0,1
video_09,Pescador,9241,0,1
video_09,Pescador,9271,0,1
video_09,Pescador,9301,0,1
video_09,Pescador,9331,0,1
video_09,Pescador,9361,1,1
video_09,Pescador,9391,0,1
video_09,Pescador,9421,1,1
video_09,Pescador,9451,1,1
video_09,Pescador,9481,1,1
video_09,Pescador,9511,1,1
video_09,Pescador,9541,1,1
video_09,Pescador,9571,1,1
video_09,Pescador,9601,1,1
video_09,Pescador,9631,1,1
video_09,Pescador,9661,1,1
video_09,Pescador,9691,1,1
video_09,Pescador,9721,1,2
video_09,Pescador,9751,1,2
video_09,Pescador,9781,1,2
video_09,Pescador,9811,2,2
video_09,Pescador,9841,1,1
video_09,Pescador,9871,2,1
video_09,Pescador,9901,0,1
video_09,Pescador,9931,2,1
video_09,Pescador,9961,2,1
video_09,Pescador,9991,2,1
video_09,Pescador,10021,2,1
video_09,Pescador,10051,2,1
video_09,Pescador,10081,2,1
video_09,Pescador,10111,2,1
video_09,Pescador,10141,2,1
video_09,Pescador,10171,2,1
video_09,Pescador,10201,2,1
video_09,Pescador,10231,1,1
video_09,Pescador,10261,2,1
video_09,Pescador,10291,1,1
video_09,Pescador,10321,2,1
video_09,Pescador,10351,2,1
video_09,Pescador,10381,2,1
video_09,Pescador,10411,1,2
video_09,Pescador,10441,1,2
video_09,Pescador,10471,1,2
video_09,Pescador,10501,1,2
video_09,Pescador,10531,1,1
video_09,Pescador,10561,1,1
video_09,Pescador,10591,1,1
video_09,Pescador,10621,1,1
video_09,Pescador,10651,1,1
video_09,Pescador,10681,1,1
video_09,Pescador,10711,1,1
video_09,Pescador,10741,1,1
video_09,Pescador,10771,1,1
video_09,Pescador,10801,1,1
video_09,Pescador,10831,1,1
video_09,Pescador,10861,1,1
video_09,Pescador,11251,0,1
video_09,Pescador,11281,1,1
video_09,Pescador,11311,1,1
video_09,Pescador,11341,1,1
video_09,Pescador,11371,1,1
video_09,Pescador,11401,1,0
video_09,Pescador,11461,0,1
video_09,Pescador,13261,1,0
video_09,Pescador,13291,1,1
video_09,Pescador,13321,1,1
video_09,Pescador,13351,0,1
video_09,Pescador,13381,0,1
video_09,Pescador,13921,1,0
video_09,Pescador,13951,1,0
video_09,Pescador,17401,0,1
video_09,Pescador,17431,1,1
video_09,Pescador,17461,1,1
video_09,Pescador,17491,1,1
video_09,Pescador,17521,0,1
video_09,Pescador,17551,0,1
video_09,Pescador,17581,0,1
video_09,Pescador,17611,1,1
video_09,Pescador,17641,0,1
video_09,Pescador,17731,0,1
video_09,Pescador,17761,0,1
video_09,Pescador,17791,0,1
video_09,Pescador,18331,0,1
video_09,Pescador,18361,1,1
video_09,Pescador,18451,0,1
video_09,Pescador,18481,0,1
video_09,Pescador,18511,0,1
video_09,Pescador,18661,0,1
video_09,Pescador,18691,0,1
video_09,Pescador,18721,0,1
video_09,Pescador,18751,1,1
video_09,Pescador,18781,1,1
video_09,Pescador,18811,1,1
video_09,Pescador,18841,1,1
video_09,Pescador,18871,1,1
video_09,Pescador,18901,1,2
video_09,Pescador,18931,1,2
video_09,Pescador,18961,1,1
video_09,Pescador,18991,1,0
video_09,Pescador,19021,1,0
video_09,Pescador,19141,1,2
video_09,Pescador,19171,1,2
video_09,Pescador,19201,1,2
video_09,Pescador,19231,1,2
video_09,Pescador,19261,1,2
video_09,Pescador,19291,1,1
video_09,Pescador,19321,1,1
video_09,Pescador,19351,1,1
video_09,Pescador,19381,1,1
video_09,Pescador,19411,1,1
video_09,Pescador,19441,1,1
video_09,Pescador,19471,1,1
video_09,Pescador,19501,2,1
video_09,Pescador,19531,2,1
video_09,Pescador,19561,2,1
video_09,Pescador,19591,2,1
video_09,Pescador,19621,2,1
video_09,Pescador,19651,2,1
video_09,Pescador,19681,1,0
video_09,Pescador,19771,1,0
video_09,Pescador,19861,0,1
video_09,Pescador,19891,1,1
video_09,Pescador,19921,1,1
video_09,Pescador,19951,1,2
video_09,Pescador,19981,2,1
video_09,Pescador,20011,1,1
video_09,Pescador,20041,1,0
video_09,Pescador,20071,1,0
video_09,Pescador,20101,1,1
video_09,Pescador,20131,1,1
video_09,Pescador,20161,1,1
video_09,Pescador,20311,1,0
video_09,Pescador,20371,1,0
video_09,Pescador,20521,1,0
video_09,Pescador,20611,1,0
video_09,Pescador,20641,1,0
video_09,Pescador,20671,1,1
video_09,Pescador,20701,1,1
video_09,Pescador,20731,1,1
video_09,Pescador,20761,1,1
video_09,Pescador,20791,1,1
video_09,Pescador,20821,1,1
video_09,Pescador,20851,0,1
video_09,Pescador,20881,1,1
video_09,Pescador,20911,1,1
video_09,Pescador,20941,1,1
video_09,Pescador,20971,1,1
video_09,Pescador,21001,1,1
video_09,Pescador,21031,1,1
video_09,Pescador,21061,1,1
video_09,Pescador,21091,1,1
video_09,Pescador,21121,1,1
video_09,Pescador,21151,1,2
video_09,Pescador,21181,1,1
video_09,Pescador,21211,1,1
video_09,Pescador,21241,1,1
video_09,Pescador,21271,1,1
video_09,Pescador,21301,1,1
video_09,Pescador,21331,1,1
video_09,Pescador,21361,1,1
video_09,Pescador,21391,1,1
video_09,Pescador,21421,1,2
video_09,Pescador,21451,1,2
video_09,Pescador,21481,1,1
video_09,Pescador,21511,0,1
video_09,Pescador,21541,0,1
video_09,Pescador,21571,0,1
video_09,Pescador,21601,0,1
video_09,Pescador,21631,0,1
video_09,Pescador,21661,0,1
video_09,Pescador,21691,2,2
video_09,Pescador,21721,2,2
video_09,Pescador,21751,1,1
video_09,Pescador,21781,1,1
video_09,Pescador,21811,1,1
video_09,Pescador,21841,1,1
video_09,Pescador,21871,1,1
video_09,Pescador,21901,1,0
video_09,Pescador,21961,1,0
video_09,Pescador,22051,0,1
video_09,Pescador,22081,1,1
video_09,Pescador,23311,0,1
video_09,Pescador,23341,0,1
video_09,Pescador,23371,0,1
video_09,Pescador,23401,0,1
video_09,Pescador,23431,0,1
video_09,Pescador,23461,0,1
video_09,Pescador,23581,1,0
video_09,Pescador,23611,1,0
video_09,Pescador,23641,1,1
video_09,Pescador,23671,1,1
video_09,Pescador,23701,1,1
video_09,Pescador,23731,1,1
video_09,Pescador,26251,1,0
video_09,Pescador,26341,0,1
video_09,Pescador,26371,0,2
video_09,Pescador,26401,0,1
video_09,Pescador,26431,0,1
video_09,Pescador,26461,1,1
video_09,Pescador,26491,1,1
video_09,Pescador,26521,1,1
video_09,Pescador,26551,1,1
video_09,Pescador,26581,1,1
video_09,Pescador,26611,1,1
video_09,Pescador,26641,1,1
video_09,Pescador,26671,1,1
video_09,Pescador,26701,1,1
video_09,Pescador,26731,1,1
video_09,Pescador,26761,1,1
video_09,Pescador,26791,1,1
video_09,Pescador,26821,1,1
video_09,Pescador,26851,1,1
video_09,Pescador,26881,0,1
video_09,Pescador,26911,0,1
video_09,Pescador,27391,0,1
video_09,Pescador,27421,0,1
video_09,Pescador,27451,0,1
video_09,Pescador,27481,0,1
video_09,Pescador,27511,0,1
video_09,Pescador,27541,0,1
video_09,Pescador,27571,0,1
video_09,Pescador,27601,0,1
video_09,Pescador,27631,0,1
video_09,Pescador,27661,0,1
video_09,Pescador,29281,0,1
video_09,Pescador,29311,0,1
video_09,Pescador,29341,0,1
video_09,Pescador,29371,0,1
video_09,Pescador,29401,0,2
video_09,Pescador,29431,0,2
video_09,Pescador,29461,1,1
video_09,Pescador,29491,1,1
video_09,Pescador,29671,1,1
video_09,Pescador,29701,1,1
video_09,Pescador,29731,1,2
video_09,Pescador,29761,1,2
video_09,Pescador,29791,1,2
video_09,Pescador,29821,1,2
video_09,Pescador,29851,1,2
video_09,Pescador,29881,1,2
video_09,Pescador,29911,2,2
video_09,Pescador,29941,2,2
video_09,Pescador,29971,2,2
video_09,Pescador,30001,2,2
video_09,Pescador,30031,2,2
video_09,Pescador,30061,1,3
video_09,Pescador,30091,2,3
video_09,Pescador,30121,2,2
video_09,Pescador,30151,2,2
video_09,Pescador,30181,2,2
video_09,Pescador,30211,2,2
video_09,Pescador,30241,2,2
video_09,Pescador,30271,2,1
video_09,Pescador,30301,2,1
video_09,Pescador,30331,3,1
video_09,Pescador,30361,2,2
video_09,Pescador,30391,3,2
video_09,Pescador,30421,4,2
video_09,Pescador,30451,2,3
video_09,Pescador,30481,2,2
video_09,Pescador,30511,2,1
video_09,Pescador,30541,1,1
video_09,Pescador,30571,1,0
video_09,Pescador,30601,2,1
video_09,Pescador,30631,2,1
video_09,Pescador,30661,2,1
video_09,Pescador,30691,3,1
video_09,Pescador,30721,2,2
video_09,Pescador,30751,1,2
video_09,Pescador,30781,2,2
video_09,Pescador,30811,2,2
video_09,Pescador,30841,1,3
video_09,Pescador,30871,2,3
video_09,Pescador,30901,2,2
video_09,Pescador,30931,2,2
video_09,Pescador,30961,2,3
video_09,Pescador,30991,3,3
video_09,Pescador,31021,3,3
video_09,Pescador,31051,3,2
video_09,Pescador,31081,0,3
video_09,Pescador,31111,1,2
video_09,Pescador,31141,2,2
video_09,Pescador,31171,1,2
video_09,Pescador,31201,1,2
video_09,Pescador,31231,2,2
video_09,Pescador,31261,2,2
video_09,Pescador,31291,2,2
video_09,Pescador,31321,1,2
video_09,Pescador,31351,1,2
video_09,Pescador,31381,0,1
video_09,Pescador,31411,2,1
video_09,Pescador,31441,2,1
video_09,Pescador,31471,2,1
video_09,Pescador,31501,2,1
video_09,Pescador,31531,1,1
video_09,Pescador,31561,1,0
video_09,Pescador,31591,1,1
video_09,Pescador,31621,1,1
video_09,Pescador,31651,1,1
video_09,Pescador,31681,1,2
video_09,Pescador,31711,1,2
video_09,Pescador,31741,1,2
video_09,Pescador,31771,1,1
video_09,Pescador,31801,0,1
video_09,Pescador,31831,1,2
video_09,Pescador,31861,2,2
video_09,Pescador,31891,2,2
video_09,Pescador,31921,1,2
video_09,Pescador,31951,1,2
video_09,Pescador,31981,1,2
video_09,Pescador,32011,2,2
video_09,Pescador,32041,2,2
video_09,Pescador,32071,2,3
video_09,Pescador,32101,2,3
video_09,Pescador,32131,4,3
video_09,Pescador,32161,4,3
video_09,Pescador,32191,2,1
video_09,Pescador,32221,1,1
video_09,Pescador,32251,1,0
video_09,Pescador,32281,2,2
video_09,Pescador,32311,3,2
video_09,Pescador,32341,3,3
video_09,Pescador,32371,2,3
video_09,Pescador,32401,2,3
video_09,Pescador,32431,2,3
video_09,Pescador,32461,2,2
video_09,Pescador,32491,2,2
video_09,Pescador,32521,2,2
video_09,Pescador,32551,3,3
video_09,Pescador,32581,3,4
video_09,Pescador,32611,4,4
video_09,Pescador,32641,4,4
video_09,Pescador,32671,4,4
video_09,Pescador,32701,4,4
video_09,Pescador,32731,4,3
video_09,Pescador,32761,4,2
video_09,Pescador,32791,2,2
video_09,Pescador,32821,2,2
video_09,Pescador,32851,2,2
video_09,Pescador,32881,0,2
video_09,Pescador,32911,2,2
video_09,Pescador,32941,2,1
video_09,Pescador,32971,1,0
video_09,Pescador,33001,1,0
video_09,Pescador,33031,2,0
video_09,Pescador,33061,2,1
video_09,Pescador,33091,2,1
video_09,Pescador,33121,1,0
video_09,Pescador,33151,1,0
video_09,Pescador,33211,1,1
video_09,Pescador,33241,0,1
video_09,Pescador,33271,0,1
video_09,Pescador,33301,0,1
video_09,Pescador,33331,1,0
video_09,Pescador,33361,1,1
video_09,Pescador,33391,1,1
video_09,Pescador,33421,1,1
video_09,Pescador,33451,1,1
video_09,Pescador,33481,2,2
video_09,Pescador,33511,2,2
video_09,Pescador,33541,2,3
video_09,Pescador,33571,2,3
video_09,Pescador,33601,2,2
video_09,Pescador,33631,2,2
video_09,Pescador,33661,1,2
video_09,Pescador,33691,1,2
video_09,Pescador,33721,1,2
video_09,Pescador,33751,2,2
video_09,Pescador,33781,2,3
video_09,Pescador,33811,2,2
video_09,Pescador,33841,2,2
video_09,Pescador,33871,2,2
video_09,Pescador,33901,3,2
video_09,Pescador,33931,3,3
video_09,Pescador,33961,3,3
video_09,Pescador,33991,1,2
video_09,Pescador,34021,2,3
video_09,Pescador,34051,2,3
video_09,Pescador,34081,2,2
video_09,Pescador,34111,2,2
video_09,Pescador,34141,3,2
video_09,Pescador,34171,1,2
video_09,Pescador,34201,2,1
video_09,Pescador,34231,2,1
video_09,Pescador,34261,3,2
video_09,Pescador,34291,2,2
video_09,Pescador,34321,1,2
video_09,Pescador,34351,1,2
video_09,Pescador,34381,2,2
video_09,Pescador,34411,2,2
video_09,Pescador,34441,2,2
video_09,Pescador,34471,2,2
video_09,Pescador,34501,1,1
video_09,Pescador,34561,1,0
video_09,Pescador,34591,1,0
video_09,Pescador,34621,1,1
video_09,Pescador,34651,1,1
video_09,Pescador,35071,1,1
video_09,Pescador,35101,1,1
video_09,Pescador,35131,2,2
video_09,Pescador,35161,1,2
video_09,Pescador,35191,1,2
video_09,Pescador,35221,1,2
video_09,Pescador,35251,1,3
video_09,Pescador,35281,2,2
video_09,Pescador,35311,2,2
video_09,Pescador,35341,1,1
video_09,Pescador,35371,1,1
video_09,Pescador,35401,2,2
video_09,Pescador,35431,2,2
video_09,Pescador,35461,2,2
video_09,Pescador,35491,3,2
video_09,Pescador,35521,3,2
video_09,Pescador,35551,3,3
video_09,Pescador,35581,3,2
video_09,Pescador,35611,3,2
video_09,Pescador,35641,3,2
video_09,Pescador,35671,4,2
video_09,Pescador,35701,4,2
video_09,Pescador,35731,4,1
video_09,Pescador,35761,3,1
video_09,Pescador,35791,3,3
video_09,Pescador,35821,3,2
video_09,Pescador,35851,2,2
video_09,Pescador,35881,2,2
video_09,Pescador,35911,0,2
video_09,Pescador,35941,2,3
video_09,Pescador,35971,2,4
video_09,Pescador,36001,2,4
video_09,Pescador,36031,2,3
video_09,Pescador,36061,2,3
video_09,Pescador,36091,2,1
video_09,Pescador,36121,3,2
video_09,Pescador,36151,2,1
video_09,Pescador,36181,2,1
video_09,Pescador,36211,2,1
video_09,Pescador,36241,2,2
video_09,Pescador,36271,2,2
video_09,Pescador,36301,2,2
video_09,Pescador,36331,3,1
video_09,Pescador,36361,2,1
video_09,Pescador,36391,2,2
video_09,Pescador,36421,2,2
video_09,Pescador,36451,2,2
video_09,Pescador,36481,1,2
video_09,Pescador,36511,1,1
video_09,Pescador,36541,2,2
video_09,Pescador,36571,2,3
video_09,Pescador,36601,2,2
video_09,Pescador,36631,2,2
video_09,Pescador,36661,2,3
video_09,Pescador,36691,3,4
video_09,Pescador,36721,4,4
video_09,Pescador,36751,2,3
video_09,Pescador,36781,2,2
video_09,Pescador,36811,2,2
video_09,Pescador,36841,2,1
video_09,Pescador,36871,2,2
video_09,Pescador,36901,2,1
video_09,Pescador,36931,1,1
video_09,Pescador,36961,2,1
video_09,Pescador,36991,2,1
video_09,Pescador,37021,3,1
video_09,Pescador,37051,2,0
video_09,Pescador,37081,1,2
video_09,Pescador,37111,2,3
video_09,Pescador,37141,2,3
video_09,Pescador,37171,2,3
video_09,Pescador,37201,3,3
video_09,Pescador,37231,3,1
video_09,Pescador,37261,2,2
video_09,Pescador,37291,0,1
video_09,Pescador,37321,1,2
video_09,Pescador,37351,1,2
video_09,Pescador,37381,1,2
video_09,Pescador,37411,1,1
video_09,Pescador,37441,1,1
video_09,Pescador,37471,1,1
video_09,Pescador,37501,0,1
video_09,Pescador,37531,2,2
video_09,Pescador,37561,2,3
video_09,Pescador,37591,2,1
video_09,Pescador,37621,1,1
video_09,Pescador,37651,2,0
video_09,Pescador,37681,1,1
video_09,Pescador,37711,1,2
video_09,Pescador,37741,2,3
video_09,Pescador,37771,2,2
video_09,Pescador,37801,1,1
video_09,Pescador,37861,1,0
video_09,Pescador,38071,0,2
video_09,Pescador,38101,0,2
video_09,Pescador,38131,2,3
video_09,Pescador,38161,2,3
video_09,Pescador,38191,1,3
video_09,Pescador,38221,3,3
video_09,Pescador,38251,1,3
video_09,Pescador,38281,1,3
video_09,Pescador,38311,3,4
video_09,Pescador,38341,3,4
video_09,Pescador,38371,3,4
video_09,Pescador,38401,3,3
video_09,Pescador,38431,3,3
video_09,Pescador,38461,3,3
video_09,Pescador,38491,2,2
video_09,Pescador,38521,3,3
video_09,Pescador,38551,3,3
video_09,Pescador,38581,2,2
video_09,Pescador,38611,2,2
video_09,Pescador,38641,2,2
video_09,Pescador,38671,2,1
video_09,Pescador,38701,1,1
video_09,Pescador,38731,1,1
video_09,Pescador,38761,1,1
video_09,Pescador,38791,1,1
video_09,Pescador,38821,2,2
video_09,Pescador,38851,2,2
video_09,Pescador,38881,1,2
video_09,Pescador,38911,1,2
video_09,Pescador,38941,1,2
video_09,Pescador,38971,2,1
video_09,Pescador,39001,1,0
video_09,Pescador,39151,1,1
video_09,Pescador,39181,1,1
video_09,Pescador,39211,1,1
video_09,Pescador,39241,1,1
video_09,Pescador,39271,1,1
video_09,Pescador,39301,1,1
video_09,Pescador,39481,1,1
video_09,Pescador,39511,2,1
video_09,Pescador,39541,3,2
video_09,Pescador,39571,3,3
video_09,Pescador,39601,2,3
video_09,Pescador,39631,3,2
video_09,Pescador,39661,3,2
video_09,Pescador,39691,3,3
video_09,Pescador,39721,3,3
video_09,Pescador,39751,3,3
video_09,Pescador,39781,3,3
video_09,Pescador,39811,2,2
video_09,Pescador,39841,2,2
video_09,Pescador,39871,2,2
video_09,Pescador,39901,2,3
video_09,Pescador,39931,1,1
video_09,Pescador,39961,1,1
video_09,Pescador,39991,1,1
video_09,Pescador,40021,1,1
video_09,Pescador,40051,0,1
video_09,Pescador,40081,3,1
video_09,Pescador,40111,1,1
video_09,Pescador,40141,1,1
video_09,Pescador,40171,1,2
video_09,Pescador,40201,1,2
video_09,Pescador,40231,2,2
video_09,Pescador,40261,1,1
video_09,Pescador,40291,0,1
video_09,Pescador,40321,1,1
video_09,Pescador,40351,1,1
video_09,Pescador,40381,1,1
video_09,Pescador,40411,1,1
video_09,Pescador,40441,1,1
video_09,Pescador,40471,1,1
video_09,Pescador,40501,1,1
video_09,Pescador,40531,1,1
video_09,Pescador,40561,1,1
video_09,Pescador,40591,1,1
video_09,Pescador,40621,1,1
video_09,Pescador,40651,2,1
video_09,Pescador,40681,2,1
video_09,Pescador,40711,2,2
video_09,Pescador,40741,2,1
video_09,Pescador,40771,2,1
video_09,Pescador,40801,1,1
video_09,Pescador,40831,1,1
video_09,Pescador,40861,1,2
video_09,Pescador,40891,1,2
video_09,Pescador,40921,1,1
video_09,Pescador,40951,1,0
video_09,Pescador,40981,1,0
video_09,Pescador,41041,1,0
video_09,Pescador,41071,1,1
video_09,Pescador,41101,1,1
video_09,Pescador,41131,1,0
video_09,Pescador,41161,1,0
video_09,Pescador,41251,1,2
video_09,Pescador,41281,2,2
video_09,Pescador,41311,1,2
video_09,Pescador,41341,2,1
video_09,Pescador,41371,2,1
video_09,Pescador,41401,1,1
video_09,Pescador,41431,2,1
video_09,Pescador,41461,2,2
video_09,Pescador,41491,2,2
video_09,Pescador,41521,2,2
video_09,Pescador,41551,1,1
video_09,Pescador,41581,1,1
video_09,Pescador,41611,1,1
video_09,Pescador,41641,1,1
video_09,Pescador,41671,1,1
video_09,Pescador,41701,1,1
video_09,Pescador,41731,1,1
video_09,Pescador,41761,1,1
video_09,Pescador,41791,1,1
video_09,Pescador,41821,1,1
video_09,Pescador,41851,1,1
video_09,Pescador,41881,1,1
video_09,Pescador,41911,1,1
video_09,Pescador,41941,1,1
video_09,Pescador,41971,1,1
video_09,Pescador,42001,1,1
video_09,Pescador,42031,1,0
video_09,Pescador,42061,1,0
video_09,Pescador,42091,1,0
video_09,Pescador,42121,2,2
video_09,Pescador,42151,2,2
video_09,Pescador,42181,1,1
video_09,Pescador,42211,1,2
video_09,Pescador,42241,2,2
video_09,Pescador,42271,2,2
video_09,Pescador,42301,3,2
video_09,Pescador,42331,2,2
video_09,Pescador,42361,1,2
video_09,Pescador,42391,1,2
video_13,Rincon,2761,1,0
video_13,Rincon,6331,1,0
video_13,Rincon,6361,1,0
video_13,Rincon,6631,1,0
video_13,Rincon,10681,1,0
video_13,Rincon,31711,0,1
video_13,Rincon,31741,0,1
video_13,Rincon,32491,0,1
video_13,Rincon,32521,0,1
video_13,Rincon,32551,0,1
video_13,Rincon,32581,0,1
video_13,Rincon,32611,0,1
video_13,Rincon,32641,0,1
video_13,Rincon,32671,1,1
video_13,Rincon,32701,1,1
video_13,Rincon,32731,1,1
video_13,Rincon,32761,1,1
video_13,Rincon,32791,1,1
video_13,Rincon,32821,1,1
video_13,Rincon,32851,1,1
video_13,Rincon,32881,1,1
video_13,Rincon,32911,0,1
video_13,Rincon,32941,0,1
video_13,Rincon,32971,0,1
video_13,Rincon,33001,0,1
video_13,Rincon,33031,0,1
video_13,Rincon,33241,1,0
video_13,Rincon,33271,1,0
video_13,Rincon,39121,1,0
video_13,Rincon,39151,1,0
video_13,Rincon,41071,0,1
video_13,Rincon,41101,0,1
video_13,Rincon,41521,0,1
video_13,Rincon,41551,0,1
video_13,Rincon,41581,0,1
video_15,Pescador,3811,0,1
video_15,Pescador,3931,0,1
video_15,Pescador,3961,0,1
video_15,Pescador,4381,0,1
video_15,Pescador,4411,1,1
video_15,Pescador,5371,0,1
video_15,Pescador,5401,0,1
video_15,Pescador,5431,0,1
video_15,Pescador,5461,0,1
video_15,Pescador,5491,0,1
video_15,Pescador,5521,0,1
video_15,Pescador,5701,0,1
video_15,Pescador,5851,1,1
video_15,Pescador,5881,1,1
video_15,Pescador,5911,1,1
video_15,Pescador,5941,1,1
video_15,Pescador,5971,1,1
video_15,Pescador,6001,1,1
video_15,Pescador,6031,1,1
video_15,Pescador,6061,1,1
video_15,Pescador,6091,1,1
video_15,Pescador,6121,1,1
video_15,Pescador,6151,1,2
video_15,Pescador,6181,1,1
video_15,Pescador,6211,0,1
video_15,Pescador,6241,0,1
video_15,Pescador,6271,0,1
video_15,Pescador,6601,0,1
video_15,Pescador,6631,1,1
video_15,Pescador,6661,1,0
video_15,Pescador,6721,1,0
video_15,Pescador,6811,0,1
video_15,Pescador,6841,0,1
video_15,Pescador,6871,0,1
video_15,Pescador,6901,0,1
video_15,Pescador,11281,1,0
video_15,Pescador,11341,0,1
video_15,Pescador,11371,0,1
video_15,Pescador,11401,0,1
video_15,Pescador,11431,1,1
video_15,Pescador,11461,1,1
video_15,Pescador,11491,0,1
video_15,Pescador,11521,0,1
video_15,Pescador,11551,0,1
video_15,Pescador,11581,0,1
video_15,Pescador,11611,1,0
video_15,Pescador,12391,1,0
video_15,Pescador,12421,1,0
video_15,Pescador,12781,1,0
video_15,Pescador,12871,1,0
video_15,Pescador,12931,1,0
video_15,Pescador,13291,0,1
video_15,Pescador,13321,0,1
video_15,Pescador,13471,0,1
video_15,Pescador,13501,0,1
video_15,Pescador,13531,0,1
video_15,Pescador,13561,0,1
video_15,Pescador,13861,0,1
video_15,Pescador,13891,0,1
video_15,Pescador,13921,1,1
video_15,Pescador,13951,1,1
video_15,Pescador,13981,2,1
video_15,Pescador,14011,1,1
video_15,Pescador,14041,1,1
video_15,Pescador,14071,1,1
video_15,Pescador,14101,1,1
video_15,Pescador,14131,1,1
video_15,Pescador,14161,1,1
video_15,Pescador,14191,1,1
video_15,Pescador,14221,1,1
video_15,Pescador,14251,1,1
video_15,Pescador,14431,1,0
video_15,Pescador,14491,1,0
video_15,Pescador,14611,1,0
video_15,Pescador,14701,1,0
video_15,Pescador,14731,1,1
video_15,Pescador,14761,1,1
video_15,Pescador,14791,1,1
video_15,Pescador,14821,1,1
video_15,Pescador,14851,1,1
video_15,Pescador,14881,1,0
video_15,Pescador,14971,0,1
video_15,Pescador,15001,0,1
video_15,Pescador,15031,0,1
video_15,Pescador,15061,0,1
video_15,Pescador,15091,0,1
video_15,Pescador,15121,0,1
video_15,Pescador,15151,0,1
video_15,Pescador,15421,0,1
video_15,Pescador,15451,0,1
video_15,Pescador,15481,0,1
video_15,Pescador,15511,0,1
video_15,Pescador,15541,0,1
video_15,Pescador,16291,1,0
video_15,Pescador,16351,1,0
video_15,Pescador,16381,1,1
video_15,Pescador,16411,0,1
video_15,Pescador,16681,0,1
video_15,Pescador,16711,1,1
video_15,Pescador,16741,1,1
video_15,Pescador,16771,1,1
video_15,Pescador,16801,1,0
video_15,Pescador,16951,1,1
video_15,Pescador,16981,1,1
video_15,Pescador,17011,0,1
video_15,Pescador,17041,1,1
video_15,Pescador,17071,2,1
video_15,Pescador,17101,1,1
video_15,Pescador,17131,1,1
video_15,Pescador,17161,0,1
video_15,Pescador,17191,0,1
video_15,Pescador,17221,0,1
video_15,Pescador,17251,0,1
video_15,Pescador,17281,1,1
video_15,Pescador,17311,1,1
video_15,Pescador,17341,1,1
video_15,Pescador,17371,1,1
video_15,Pescador,17401,1,1
video_15,Pescador,17431,1,1
video_15,Pescador,17461,1,1
video_15,Pescador,17491,1,1
video_15,Pescador,17521,1,1
video_15,Pescador,17551,1,1
video_15,Pescador,17581,1,1
video_15,Pescador,17611,1,1
video_15,Pescador,17641,1,1
video_15,Pescador,17671,1,1
video_15,Pescador,17761,1,0
video_15,Pescador,17791,1,0
video_15,Pescador,17821,1,0
video_15,Pescador,17851,1,0
video_15,Pescador,17881,1,1
video_15,Pescador,17911,1,1
video_15,Pescador,17941,1,1
video_15,Pescador,17971,1,1
video_15,Pescador,18001,1,1
video_15,Pescador,18031,1,1
video_15,Pescador,18241,0,1
video_15,Pescador,18271,1,1
video_15,Pescador,18301,1,1
video_15,Pescador,18331,1,1
video_15,Pescador,18361,1,1
video_15,Pescador,18391,1,0
video_15,Pescador,18421,1,0
video_15,Pescador,18601,1,1
video_15,Pescador,18631,1,1
video_15,Pescador,18661,1,1
video_15,Pescador,18691,1,1
video_15,Pescador,18721,1,0
video_15,Pescador,18751,1,0
video_15,Pescador,18991,0,1
video_15,Pescador,19021,1,1
video_15,Pescador,19051,1,0
video_15,Pescador,19291,0,1
video_15,Pescador,19321,1,1
video_15,Pescador,19351,1,1
video_15,Pescador,19381,1,2
video_15,Pescador,19411,0,1
video_15,Pescador,19441,1,1
video_15,Pescador,19471,1,0
video_15,Pescador,19621,0,1
video_15,Pescador,20611,1,0
video_15,Pescador,20641,1,0
video_15,Pescador,20791,0,1
video_15,Pescador,20821,0,1
video_15,Pescador,20851,0,1
video_15,Pescador,20881,0,1
video_15,Pescador,21271,1,0
video_15,Pescador,21331,1,0
video_15,Pescador,21361,1,0
video_15,Pescador,21391,1,1
video_15,Pescador,21421,1,1
video_15,Pescador,21451,1,0
video_15,Pescador,21481,1,0
video_15,Pescador,21541,0,1
video_15,Pescador,21571,0,1
video_15,Pescador,23041,1,0
video_15,Pescador,23071,1,0
video_15,Pescador,23101,1,0
video_15,Pescador,24211,1,0
video_15,Pescador,24241,1,0
video_15,Pescador,24301,1,0
video_15,Pescador,24331,1,0
video_15,Pescador,26071,1,0
video_15,Pescador,29731,1,0
video_15,Pescador,29761,1,0
video_15,Pescador,29791,1,0
video_15,Pescador,29821,1,0
video_15,Pescador,29851,1,0
video_15,Pescador,29971,1,0
video_15,Pescador,30001,1,1
video_15,Pescador,30031,0,1
video_15,Pescador,30061,0,1
video_15,Pescador,30091,0,1
video_15,Pescador,30601,1,1
video_15,Pescador,30631,1,1
video_15,Pescador,30661,1,1
video_15,Pescador,30691,1,1
video_15,Pescador,30721,1,1
video_15,Pescador,30751,1,1
video_15,Pescador,30781,1,0
video_15,Pescador,30811,1,0
video_15,Pescador,32221,0,1
video_15,Pescador,32251,0,1
video_15,Pescador,32281,1,0
video_15,Pescador,32311,1,0
video_15,Pescador,32581,1,0
video_15,Pescador,32611,1,1
video_15,Pescador,32641,1,1
video_15,Pescador,32671,1,0
video_15,Pescador,32791,0,1
video_15,Pescador,32821,1,1
video_15,Pescador,32851,1,0
video_15,Pescador,36751,1,0
video_15,Pescador,36781,1,0
video_15,Pescador,36811,1,0
video_15,Pescador,36931,0,1
video_15,Pescador,36961,1,1
video_15,Pescador,36991,1,1
video_15,Pescador,37021,1,1
video_15,Pescador,37051,1,1
video_15,Pescador,37081,1,0
video_15,Pescador,38971,0,1
video_15,Pescador,39151,0,1
video_15,Pescador,39181,0,1
video_15,Pescador,39211,0,1
video_15,Pescador,39241,0,1
video_15,Pescador,39271,0,1
video_15,Pescador,39301,0,1
video_15,Pescador,39331,0,1
video_15,Pescador,39361,0,1
video_15,Pescador,39391,0,1
video_15,Pescador,39601,0,1
video_15,Pescador,39631,0,1
video_15,Pescador,39661,0,1
video_15,Pescador,39691,1,1
video_15,Pescador,39721,1,1
video_15,Pescador,39751,1,1
video_15,Pescador,39781,1,1
video_15,Pescador,39811,1,1
video_15,Pescador,39841,1,0
video_15,Pescador,39871,1,0
video_15,Pescador,40171,0,1
video_15,Pescador,40201,1,1
video_15,Pescador,40231,1,1
video_15,Pescador,40261,1,1
video_15,Pescador,40291,1,1
video_15,Pescador,40321,1,1
video_15,Pescador,40471,0,1
video_15,Pescador,40621,1,1
video_15,Pescador,40651,1,1
video_15,Pescador,40681,0,1
video_15,Pescador,40711,0,1
video_15,Pescador,40741,0,1
video_15,Pescador,40981,1,0
video_15,Pescador,41011,1,2
video_15,Pescador,41041,1,2
video_15,Pescador,41071,1,1
video_15,Pescador,41131,1,1
video_15,Pescador,41161,1,1
video_15,Pescador,41191,1,1
video_15,Pescador,41221,1,2
video_15,Pescador,41251,2,1
video_15,Pescador,41281,1,1
video_15,Pescador,41311,0,1
video_15,Pescador,41341,0,1
video_15,Pescador,41371,0,1
video_15,Pescador,41401,0,1
video_15,Pescador,41431,0,1
video_15,Pescador,41461,0,1
video_15,Pescador,41521,0,1
video_15,Pescador,41551,0,1
video_15,Pescador,41581,1,2
video_15,Pescador,41611,0,2
video_15,Pescador,41641,0,3
video_15,Pescador,41671,1,2
video_15,Pescador,41701,1,2
video_15,Pescador,41731,1,1
video_15,Pescador,41761,1,1
video_15,Pescador,41791,1,1
video_15,Pescador,41821,1,1
video_15,Pescador,41851,1,1
video_15,Pescador,41881,1,1
video_15,Pescador,41911,1,1
video_15,Pescador,41941,1,1
video_15,Pescador,41971,1,1
video_15,Pescador,42001,1,1
video_15,Pescador,42031,1,1
video_15,Pescador,42061,1,1
video_15,Pescador,42091,1,1
video_15,Pescador,42121,1,1
video_15,Pescador,42151,1,1
video_15,Pescador,42181,1,1
video_15,Pescador,42211,0,1
video_15,Pescador,42241,0,1
video_15,Pescador,42271,0,1
video_15,Pescador,42301,0,1
video_15,Pescador,42331,1,1
video_15,Pescador,42361,1,1
video_15,Pescador,42391,1,1
video_24,quemado,61,0,1
video_24,quemado,91,0,1
video_24,quemado,121,1,1
video_24,quemado,151,1,1
video_24,quemado,181,1,1
video_24,quemado,211,1,1
video_24,quemado,241,1,1
video_24,quemado,271,0,1
video_24,quemado,601,0,1
video_24,quemado,631,0,1
video_24,quemado,661,0,1
video_24,quemado,691,1,1
video_24,quemado,721,1,1
video_24,quemado,751,1,1
video_24,quemado,781,1,1
video_24,quemado,811,1,1
video_24,quemado,841,1,1
video_24,quemado,871,1,1
video_24,quemado,901,1,1
video_24,quemado,931,1,1
video_24,quemado,961,1,1
video_24,quemado,991,1,1
video_24,quemado,1021,1,1
video_24,quemado,1171,0,1
video_24,quemado,1201,0,1
video_24,quemado,1231,0,1
video_24,quemado,1261,0,1
video_24,quemado,1591,0,1
video_24,quemado,1621,1,1
video_24,quemado,1651,1,1
video_24,quemado,1681,1,1
video_24,quemado,1711,1,0
video_24,quemado,1801,1,0
video_24,quemado,1831,1,0
video_24,quemado,1861,1,0
video_24,quemado,1891,1,0
video_24,quemado,1921,1,0
video_24,quemado,2011,1,1
video_24,quemado,2041,1,1
video_24,quemado,2071,1,1
video_24,quemado,2101,0,1
video_24,quemado,2131,0,1
video_24,quemado,2161,0,1
video_24,quemado,2191,0,1
video_24,quemado,2221,1,1
video_24,quemado,2251,0,1
video_24,quemado,2281,0,1
video_24,quemado,2311,1,1
video_24,quemado,2341,1,1
video_24,quemado,2371,1,1
video_24,quemado,2401,1,1
video_24,quemado,2431,1,1
video_24,quemado,2461,1,1
video_24,quemado,2491,1,1
video_24,quemado,2521,1,1
video_24,quemado,2551,1,1
video_24,quemado,2581,1,1
video_24,quemado,2611,1,1
video_24,quemado,2641,1,0
video_28,quemado,91,1,1
video_28,quemado,121,1,1
video_28,quemado,151,1,1
video_28,quemado,181,1,1
video_28,quemado,211,1,1
video_28,quemado,241,1,1
video_28,quemado,271,1,1
video_28,quemado,301,1,1
video_28,quemado,331,1,1
video_28,quemado,361,1,0
video_28,quemado,1171,0,1
video_28,quemado,1201,0,1
video_28,quemado,1231,1,1
video_28,quemado,1261,1,1
video_28,quemado,1291,1,1
video_28,quemado,1321,1,1
video_28,quemado,1351,1,1
video_28,quemado,1381,1,1
video_28,quemado,1411,1,1
video_28,quemado,1441,1,1
video_28,quemado,1471,1,1
video_28,quemado,1501,1,1
video_28,quemado,1531,1,1
video_28,quemado,1561,1,0
video_28,quemado,2461,0,1
video_28,quemado,2491,0,1
video_28,quemado,2521,1,1
video_28,quemado,2551,1,1
video_28,quemado,2581,1,1
video_28,quemado,2611,1,1
video_28,quemado,2641,1,1
video_28,quemado,2671,1,1
video_28,quemado,2701,1,1
video_28,quemado,2731,1,1
video_28,quemado,2941,1,0
video_28,quemado,2971,1,0
video_28,quemado,3001,1,0
video_28,quemado,3031,1,1
video_28,quemado,3061,1,1
video_28,quemado,3091,1,1
video_28,quemado,3121,1,1
video_28,quemado,3151,1,1
video_28,quemado,3181,1,0
video_28,quemado,3361,0,1
video_28,quemado,3391,0,1
video_28,quemado,3421,0,1
video_28,quemado,3451,1,1
video_28,quemado,3481,1,1
video_28,quemado,3511,1,1
video_28,quemado,3541,1,1
video_28,quemado,3571,1,1
video_28,quemado,3601,1,1
video_28,quemado,3631,1,0
video_28,quemado,3661,1,0
video_30,rincon,1,0,1
video_30,rincon,31,1,1
video_30,rincon,61,0,1
video_30,rincon,91,0,1
video_30,rincon,121,1,1
video_30,rincon,151,1,1
video_30,rincon,181,0,1
video_30,rincon,271,0,1
video_30,rincon,301,1,1
video_30,rincon,331,1,1
video_30,rincon,361,1,0
video_30,rincon,541,0,1
video_30,rincon,571,1,1
video_30,rincon,601,1,1
video_30,rincon,631,1,1
video_30,rincon,661,0,1
video_30,rincon,691,0,1
video_30,rincon,841,0,1
video_30,rincon,871,1,1
video_30,rincon,901,1,1
video_30,rincon,931,1,1
video_30,rincon,1111,1,1
video_30,rincon,1141,1,1
video_30,rincon,1171,1,0
video_32,rincon,31,0,1
video_32,rincon,61,0,1
video_32,rincon,91,0,1
video_32,rincon,121,1,1
video_32,rincon,151,1,1
video_32,rincon,181,1,1
video_32,rincon,211,1,1
video_32,rincon,241,1,1
video_32,rincon,571,0,1
video_32,rincon,601,1,1
video_32,rincon,631,1,1
video_32,rincon,661,1,0
video_32,rincon,691,1,0
video_39,Pescador,61,0,1
video_39,Pescador,76,0,1
video_39,Pescador,91,0,1
video_39,Pescador,106,0,1
video_39,Pescador,121,0,1
video_39,Pescador,136,0,1
video_39,Pescador,151,0,1
video_39,Pescador,166,0,1
video_39,Pescador,181,0,1
video_39,Pescador,196,0,1
video_39,Pescador,211,0,1
video_39,Pescador,226,0,1
video_39,Pescador,241,0,1
video_39,Pescador,256,0,1
video_39,Pescador,271,0,1
video_39,Pescador,391,0,1
video_39,Pescador,406,0,1
video_39,Pescador,421,0,1
video_39,Pescador,436,0,1
video_39,Pescador,451,0,1
video_39,Pescador,466,0,1
video_39,Pescador,481,1,1
video_39,Pescador,496,1,1
video_39,Pescador,511,1,1
video_39,Pescador,526,0,1
video_39,Pescador,541,0,1
video_39,Pescador,556,0,1
video_39,Pescador,571,0,1
video_40,Pescador,76,0,1
video_40,Pescador,91,0,1
video_40,Pescador,106,1,1
video_40,Pescador,121,1,1
video_40,Pescador,136,0,1
video_40,Pescador,151,0,1
video_40,Pescador,166,0,1
video_40,Pescador,181,0,1
video_40,Pescador,196,0,1
video_40,Pescador,211,0,1
video_40,Pescador,226,0,1
video_40,Pescador,241,0,1
video_40,Pescador,256,0,1
video_40,Pescador,271,0,1
video_40,Pescador,286,0,1
video_40,Pescador,301,0,1
video_40,Pescador,316,0,1
video_40,Pescador,331,0,1
video_40,Pescador,346,0,1
video_40,Pescador,361,0,1
video_40,Pescador,376,0,1
video_40,Pescador,391,0,1
video_40,Pescador,406,0,1
video_40,Pescador,421,0,1
video_40,Pescador,436,0,1
video_46,Soldado,61,0,1
video_46,Soldado,121,0,1
video_46,Soldado,181,0,1
video_46,Soldado,241,0,1
video_46,Soldado,301,1,1
video_46,Soldado,361,1,1
video_46,Soldado,421,0,1
video_46,Soldado,481,0,1
video_46,Soldado,541,0,1
video_46,Soldado,601,0,1
video_46,Soldado,661,0,1
video_46,Soldado,721,0,1
video_46,Soldado,781,0,1
video_46,Soldado,841,0,1
video_46,Soldado,901,0,1
video_46,Soldado,961,0,1
video_46,Soldado,1021,0,1
video_46,Soldado,1081,0,1
video_46,Soldado,1141,0,1
video_46,Soldado,1201,0,1
video_46,Soldado,1261,0,1
video_46,Soldado,1321,0,1
video_46,Soldado,1381,0,1
video_46,Soldado,1441,0,1
video_46,Soldado,1501,0,1
video_46,Soldado,1561,0,1
video_46,Soldado,1621,0,1
video_46,Soldado,1681,0,1
video_46,Soldado,1741,0,1
video_46,Soldado,1801,0,1
video_46,Soldado,1861,0,1
video_46,Soldado,1921,0,1
video_46,Soldado,1981,0,1
video_46,Soldado,2041,0,1
video_46,Soldado,2101,0,1
video_46,Soldado,2161,0,1
video_46,Soldado,2221,0,1
video_46,Soldado,2281,0,1
video_46,Soldado,2341,0,1
video_46,Soldado,2401,0,1
video_46,Soldado,2461,0,1
video_46,Soldado,2521,0,1
video_46,Soldado,2581,0,1
video_46,Soldado,2641,0,1
video_46,Soldado,2701,0,1
video_46,Soldado,2761,0,1
video_46,Soldado,2821,0,1
video_46,Soldado,2881,0,1
video_46,Soldado,2941,0,1
video_46,Soldado,3001,0,1
video_46,Soldado,3061,0,1
video_46,Soldado,3121,0,1
video_46,Soldado,3181,0,1
video_46,Soldado,3241,0,1
video_46,Soldado,3301,0,1
video_46,Soldado,3361,0,1
video_46,Soldado,3421,0,1
video_46,Soldado,3481,0,1
video_46,Soldado,3541,0,1
video_46,Soldado,3601,0,1
video_46,Soldado,3661,0,1
video_46,Soldado,3721,0,1
video_46,Soldado,3781,0,1
video_46,Soldado,3841,0,1
video_46,Soldado,3901,0,1
video_46,Soldado,3961,0,1
video_46,Soldado,4021,0,1
video_46,Soldado,4081,0,1
video_46,Soldado,4141,0,1
video_46,Soldado,4201,0,1
video_46,Soldado,4261,0,1
video_46,Soldado,4321,0,1
video_46,Soldado,4381,0,1
video_46,Soldado,4441,0,1
video_46,Soldado,4501,0,1
video_46,Soldado,4561,0,1
video_46,Soldado,4621,0,1
video_46,Soldado,4681,0,1
video_46,Soldado,4741,0,1
video_46,Soldado,4801,0,1
video_46,Soldado,4861,0,1
video_46,Soldado,4921,0,1
video_46,Soldado,4981,0,1
video_46,Soldado,5041,0,1
video_46,Soldado,5101,0,1
video_46,Soldado,5161,0,1
video_46,Soldado,5221,0,1
video_46,Soldado,5281,0,1
video_46,Soldado,5341,0,1
video_46,Soldado,5401,0,1
video_46,Soldado,5461,0,1
video_46,Soldado,5521,0,1
video_46,Soldado,5581,0,1
video_46,Soldado,5641,0,1
video_46,Soldado,5701,0,1
video_46,Soldado,5761,0,1
video_46,Soldado,5821,0,1
video_46,Soldado,5881,0,1
video_46,Soldado,5941,0,1
video_46,Soldado,6001,0,1
video_46,Soldado,6061,0,1
video_46,Soldado,6121,0,1
video_46,Soldado,6181,0,1
video_46,Soldado,6241,0,1
video_46,Soldado,6301,0,1
video_46,Soldado,6361,0,1
video_46,Soldado,6421,0,1
video_46,Soldado,6481,0,1
video_46,Soldado,6541,0,1
video_46,Soldado,6601,0,1
video_46,Soldado,6661,0,1
video_46,Soldado,6721,0,1
video_46,Soldado,6781,0,1
video_46,Soldado,6841,0,1
video_46,Soldado,6901,0,1
video_46,Soldado,6961,0,1
video_46,Soldado,7021,0,1
video_46,Soldado,7081,0,1
video_46,Soldado,7141,0,1
video_46,Soldado,7201,0,1
video_46,Soldado,7261,0,1
video_46,Soldado,7321,0,1
video_46,Soldado,7381,0,1
video_46,Soldado,7441,0,1
video_46,Soldado,7501,0,1
video_46,Soldado,7561,0,1
video_46,Soldado,7621,0,1
video_46,Soldado,7681,0,1
video_46,Soldado,7741,0,1
video_46,Soldado,7801,0,1
video_46,Soldado,7861,0,1
video_46,Soldado,7921,0,1
video_46,Soldado,7981,0,1
video_46,Soldado,8041,0,1
video_46,Soldado,8101,0,1
video_46,Soldado,8161,0,1
video_46,Soldado,8221,0,1
video_46,Soldado,8281,0,1
video_46,Soldado,8341,0,1
video_46,Soldado,8401,0,1
video_46,Soldado,8461,0,1
video_46,Soldado,8521,0,1
video_46,Soldado,8581,0,1
video_46,Soldado,8641,0,1
video_46,Soldado,8881,0,1
video_46,Soldado,8941,0,1
video_46,Soldado,9001,0,1
video_46,Soldado,9061,0,1
video_46,Soldado,9121,0,1
video_46,Soldado,9181,0,1
video_46,Soldado,9241,0,1
video_46,Soldado,9301,0,1
video_46,Soldado,9361,0,1
video_46,Soldado,9421,0,1
video_46,Soldado,9481,0,1
video_46,Soldado,9541,0,1
video_46,Soldado,9601,0,1
video_46,Soldado,9661,0,1
video_46,Soldado,9961,0,1
video_46,Soldado,10021,0,1
video_46,Soldado,10081,0,1
video_46,Soldado,10141,0,1
video_46,Soldado,10201,0,1
video_46,Soldado,10261,1,1
video_46,Soldado,10321,1,1
video_46,Soldado,10381,1,1
video_46,Soldado,10441,1,1
video_46,Soldado,10501,1,1
video_46,Soldado,10561,0,1
video_46,Soldado,10621,0,1
video_46,Soldado,10681,0,1
video_46,Soldado,10741,0,1
video_46,Soldado,10801,0,1
video_46,Soldado,10861,0,1
video_46,Soldado,10921,0,1
video_46,Soldado,10981,0,1
video_46,Soldado,11041,0,1
video_46,Soldado,11101,0,1
video_46,Soldado,11161,0,1
video_46,Soldado,11221,0,1
video_46,Soldado,11281,0,1
video_46,Soldado,11341,0,1
video_46,Soldado,11401,0,1
video_46,Soldado,11461,0,1
video_46,Soldado,11521,0,1
video_46,Soldado,11581,0,1
video_46,Soldado,11641,0,1
video_46,Soldado,11701,0,1
video_48,quemado,361,0,1
video_48,quemado,421,0,1
video_48,quemado,481,0,1
video_48,quemado,541,0,1
video_48,quemado,601,0,1
video_48,quemado,661,0,1
video_48,quemado,721,0,1
video_48,quemado,781,0,1
video_48,quemado,841,0,1
video_48,quemado,901,0,1
video_48,quemado,961,0,1
video_48,quemado,1021,0,1
video_48,quemado,1081,0,1
video_48,quemado,1141,0,1
video_48,quemado,1201,0,1
video_48,quemado,1261,0,1
video_48,quemado,1321,0,1
video_48,quemado,1381,0,1
video_48,quemado,1441,0,1
video_48,quemado,1501,0,1
video_48,quemado,1561,0,1
video_48,quemado,1621,0,1
video_48,quemado,1681,0,1
video_48,quemado,1741,0,1
video_48,quemado,1801,0,1
video_48,quemado,1861,0,1
video_48,quemado,1921,0,1
video_48,quemado,1981,0,1
video_48,quemado,2041,0,1
video_48,quemado,2101,0,1
video_48,quemado,2161,0,1
video_48,quemado,2221,0,1
video_48,quemado,2281,0,1
video_48,quemado,2341,0,1
video_48,quemado,2401,0,1
video_48,quemado,2461,0,1
video_48,quemado,2521,0,1
video_48,quemado,2581,0,1
video_48,quemado,2641,0,1
video_48,quemado,2701,0,1
video_48,quemado,2761,0,1
video_48,quemado,2821,0,1
video_48,quemado,2881,0,1
video_48,quemado,2941,0,1
video_48,quemado,3001,0,1
video_48,quemado,3061,0,1
video_48,quemado,3121,0,1
video_48,quemado,3181,0,1
video_48,quemado,3241,0,1
video_48,quemado,3301,0,1
video_48,quemado,3361,0,1
video_48,quemado,3421,0,1
video_48,quemado,3481,0,1
video_48,quemado,3541,0,1
video_48,quemado,3601,0,1
video_48,quemado,3661,0,1
video_48,quemado,3721,0,1
video_48,quemado,3781,0,1
video_48,quemado,3841,0,1
video_48,quemado,3901,0,1
video_48,quemado,3961,0,1
video_48,quemado,4021,0,1
video_48,quemado,4081,0,2
video_48,quemado,4141,0,1
video_48,quemado,4201,0,1
video_48,quemado,4261,0,1
video_48,quemado,4321,0,1
video_48,quemado,4381,0,1
video_48,quemado,4441,0,1
video_48,quemado,4501,0,1
video_48,quemado,4561,0,1
video_48,quemado,4621,0,1
video_48,quemado,4681,0,1
video_48,quemado,4741,0,1
video_48,quemado,4801,0,1
video_48,quemado,4861,0,1
video_48,quemado,4921,0,2
video_48,quemado,4981,0,2
video_48,quemado,5041,0,2
video_48,quemado,5101,0,2
video_48,quemado,5161,0,2
video_48,quemado,5221,0,2
video_48,quemado,5281,0,2
video_48,quemado,5341,0,2
video_48,quemado,5401,0,2
video_48,quemado,5461,0,1
video_48,quemado,5521,0,1
video_48,quemado,5581,0,1
video_48,quemado,5641,0,1
video_48,quemado,5701,0,1
video_48,quemado,5761,0,1
video_48,quemado,5821,0,1
video_48,quemado,5881,0,1
video_48,quemado,5941,0,1
video_48,quemado,6001,0,1
video_48,quemado,6061,0,1
video_48,quemado,6121,0,1
video_48,quemado,6181,0,1
video_48,quemado,6241,0,1
video_48,quemado,6301,0,1
video_48,quemado,6361,0,2
video_48,quemado,6421,0,2
video_48,quemado,6481,0,2
video_48,quemado,6541,0,2
video_48,quemado,6601,0,2
video_48,quemado,6661,0,2
video_48,quemado,6721,0,2
video_48,quemado,6781,0,2
video_48,quemado,6841,0,2
video_48,quemado,6901,0,2
video_48,quemado,6961,0,2
video_48,quemado,7021,0,2
video_48,quemado,7081,0,2
video_48,quemado,7141,0,2
video_48,quemado,7201,0,2
video_48,quemado,7261,0,2
video_48,quemado,7321,0,2
video_48,quemado,7381,0,3
video_48,quemado,7441,0,3
video_48,quemado,7501,0,3
video_48,quemado,7561,0,3
video_48,quemado,7621,0,1
video_48,quemado,7681,0,1
video_48,quemado,7741,0,1
video_48,quemado,7801,0,1
video_48,quemado,7861,0,1
video_48,quemado,7921,0,1
video_48,quemado,7981,0,1
video_48,quemado,8041,0,1
video_48,quemado,8101,0,1
video_48,quemado,8161,0,1
video_48,quemado,8221,0,1
video_48,quemado,8281,0,1
video_48,quemado,8341,0,1
video_48,quemado,8401,0,1
video_48,quemado,8461,0,1
video_48,quemado,8521,0,1
video_48,quemado,8581,0,1
video_48,quemado,8641,0,1
video_48,quemado,8701,0,1
video_48,quemado,8761,0,1
video_48,quemado,8821,0,1
video_48,quemado,8881,0,1
video_54,pescador,221,0,1
video_54,pescador,241,0,1
video_54,pescador,261,0,1
video_54,pescador,281,0,1
video_54,pescador,301,0,1
video_54,pescador,321,0,1
video_54,pescador,341,0,1
video_54,pescador,361,0,1
video_54,pescador,381,0,1
video_54,pescador,401,0,1
video_54,pescador,421,0,1
video_54,pescador,441,0,1
video_54,pescador,461,0,1
video_54,pescador,481,0,1
video_54,pescador,501,0,1
video_54,pescador,521,0,1
video_54,pescador,541,0,1
video_54,pescador,561,0,1
video_54,pescador,581,0,1
video_54,pescador,601,0,1
video_54,pescador,621,0,1
video_54,pescador,641,0,1
video_54,pescador,661,0,1
video_54,pescador,681,0,1
video_54,pescador,701,0,1
video_54,pescador,721,0,1
video_54,pescador,741,0,1
video_54,pescador,761,0,1
video_54,pescador,781,0,1
video_54,pescador,801,0,1
video_54,pescador,821,0,1
video_54,pescador,841,0,1
video_54,pescador,861,0,1
video_54,pescador,881,0,1
video_54,pescador,901,0,1
video_54,pescador,921,0,1
video_54,pescador,1241,0,1
video_54,pescador,1261,0,1
video_54,pescador,1281,0,1
video_54,pescador,1301,0,1
video_54,pescador,1321,0,1
video_54,pescador,1341,0,1
video_54,pescador,1361,0,1
video_54,pescador,1381,0,1
video_54,pescador,1401,0,1
video_54,pescador,1421,0,1
video_54,pescador,1441,0,1
video_54,pescador,1461,0,1
video_54,pescador,1481,0,1
video_54,pescador,1501,0,1
video_54,pescador,1521,0,1
video_54,pescador,1541,0,1
video_54,pescador,1561,0,1
video_54,pescador,1581,0,1
video_54,pescador,1601,0,1
video_54,pescador,1621,0,1
video_54,pescador,1641,0,1
video_54,pescador,1661,0,1
video_54,pescador,1681,0,1
video_54,pescador,1701,0,1
video_54,pescador,1721,0,1
video_54,pescador,1741,0,1
video_54,pescador,1761,0,1
video_54,pescador,1781,0,1
video_54,pescador,1801,0,1
video_54,pescador,1821,0,1
video_54,pescador,1841,0,1
video_54,pescador,1861,0,1
video_54,pescador,1881,0,1
video_54,pescador,1901,0,1
video_54,pescador,1921,0,1
video_54,pescador,1941,0,1
video_54,pescador,1961,0,1
video_54,pescador,1981,0,1
video_54,pescador,2361,0,1
video_54,pescador,2381,0,1
video_54,pescador,2401,0,1
video_54,pescador,2421,0,1
video_54,pescador,2441,0,1
video_54,pescador,2461,0,1
video_54,pescador,2481,0,1
video_54,pescador,2501,0,1
video_54,pescador,2521,0,1
video_54,pescador,2541,0,1
video_54,pescador,2561,0,1
video_54,pescador,2581,0,1
video_54,pescador,2601,0,1
video_54,pescador,2621,0,1
video_54,pescador,2641,0,1
video_54,pescador,2661,0,1
video_54,pescador,2681,0,1
video_54,pescador,2701,0,1
video_54,pescador,2721,0,1
video_54,pescador,2741,0,1
video_54,pescador,2761,0,1
video_54,pescador,2781,0,1
video_54,pescador,2801,0,1
video_54,pescador,2821,0,1
video_54,pescador,2841,0,1
video_54,pescador,2861,0,1
video_54,pescador,2881,0,1
video_54,pescador,2901,0,1
video_54,pescador,2921,0,1
video_54,pescador,2941,0,1
video_54,pescador,2961,0,1
video_54,pescador,2981,0,1
video_54,pescador,3001,0,1
video_54,pescador,3021,0,1
video_54,pescador,3041,0,1
video_54,pescador,3061,0,1
video_54,pescador,3081,0,1
video_54,pescador,3101,0,1
video_54,pescador,3121,0,1
video_54,pescador,3141,0,1
video_54,pescador,3161,0,1
video_54,pescador,3181,0,1
video_54,pescador,3201,0,1
video_54,pescador,3221,0,1
video_54,pescador,3241,0,1
video_54,pescador,3261,0,1
video_54,pescador,3281,0,1
video_54,pescador,3301,0,1
video_54,pescador,3321,0,1
video_54,pescador,3341,0,1
video_54,pescador,3361,0,1
video_55,pescador,211,1,0
video_55,pescador,241,1,1
video_55,pescador,271,1,1
video_55,pescador,301,1,1
video_55,pescador,331,1,1
video_55,pescador,361,1,1
video_55,pescador,391,1,1
video_55,pescador,421,1,1
video_55,pescador,451,1,1
video_55,pescador,481,1,1
video_55,pescador,511,1,1
video_55,pescador,541,1,1
video_55,pescador,571,1,1
video_55,pescador,601,1,1
video_55,pescador,631,1,1
video_55,pescador,661,1,1
video_55,pescador,691,1,1
video_55,pescador,721,1,1
video_55,pescador,751,1,1
video_55,pescador,781,1,1
video_55,pescador,811,1,1
video_55,pescador,841,1,1
video_55,pescador,871,1,1
video_55,pescador,901,1,1
video_55,pescador,931,1,1
video_55,pescador,961,1,1
video_55,pescador,991,0,1
video_55,pescador,1021,0,1
video_55,pescador,1921,1,1
video_55,pescador,1951,1,1
video_55,pescador,1981,0,1
video_55,pescador,2011,0,1
video_55,pescador,2311,0,1
video_55,pescador,2341,0,1
video_55,pescador,2371,0,1
video_55,pescador,2401,0,1
video_55,pescador,2431,0,1
video_55,pescador,2461,0,1
video_55,pescador,2491,0,1
video_55,pescador,2521,0,1
video_55,pescador,2551,0,1
video_65,ventana,61,0,1
video_65,ventana,121,0,1
video_65,ventana,661,0,1
video_65,ventana,721,0,1
video_65,ventana,781,0,1
video_65,ventana,961,0,1
video_65,ventana,1021,0,1
video_65,ventana,1081,1,1
video_65,ventana,1141,0,1
video_65,ventana,1201,0,1
video_65,ventana,1261,0,1
video_65,ventana,1321,0,1
video_65,ventana,1381,0,1
video_65,ventana,1441,1,1
video_65,ventana,1501,1,0
video_65,ventana,2461,1,1
video_65,ventana,2521,1,1
video_65,ventana,2641,0,1
video_65,ventana,2701,0,1
video_65,ventana,2761,0,1
video_65,ventana,3241,0,1
video_65,ventana,3301,0,1
video_65,ventana,3361,1,1
video_65,ventana,3421,0,1
video_65,ventana,3721,0,1
video_65,ventana,3781,0,1
video_65,ventana,3841,0,1
video_65,ventana,3901,0,1
video_65,ventana,4261,0,1
video_65,ventana,4321,1,0
video_65,ventana,4441,0,1
video_65,ventana,4681,1,1
video_65,ventana,4741,0,1
video_65,ventana,4981,0,1
video_65,ventana,5041,1,1
video_65,ventana,5101,0,1
video_65,ventana,5221,0,1
video_65,ventana,5281,0,1
video_65,ventana,5341,0,1
video_65,ventana,5401,1,1
video_65,ventana,5461,1,0
